{"50":{"arrived":500921,"completed":500807,"tisc":[1.9903831005117087,3.8705293923616253,0.5776676989187308,2.767912297723342],"tisa":[1.990481158524343,3.870888947064487,0.5776667182899473,2.7680363080821735],"tiqc":[0.9910969747144222,2.8848439434657442,0.0,1.3899720595782128],"tiqa":[0.9913087954246764,2.885585873777665,0.0,1.3904030726391738]},"80":{"arrived":799094,"completed":798738,"tisc":[5.0436888848017105,25.780363398303756,1.4366872348264224,6.984218222418349],"tisa":[5.0432954693889505,25.776293315643446,1.4365908662550293,6.983810119474128],"tiqc":[4.042091681638362,24.757012411002986,0.3226972725769883,5.870313793835521],"tiqa":[4.0420406920568785,24.753066693105485,0.3231555128789978,5.8703020620801]},"90":{"arrived":901834,"completed":900857,"tisc":[10.114256758026658,104.21834196814366,2.9315745469784815,13.888915767698563],"tisa":[10.115841949608974,104.28777819326952,2.931481934686417,13.890371451241208],"tiqc":[9.112589339488183,103.22142492375949,1.8801128181912645,12.833345149556408],"tiqa":[9.115170061130142,103.29588523257935,1.8810286293108902,12.834972867518559]},"99":{"arrived":990503,"completed":983107,"tisc":[53.01926487802064,2427.22440779142,16.275104547880233,74.52352994376542],"tisa":[53.13486237519129,2437.634349564586,16.305874746415384,74.66960434153407],"tiqc":[52.01986131108941,2426.251290955261,15.262875643678171,73.52554938216508],"tiqa":[52.14283185856924,2436.900290690306,15.300753063862373,73.67894968782821]}}