{"50":{"arrived":500718,"completed":500632,"tisc":[1.5019802300571214,0.5877969873611673,1.0,1.814312639673517],"tisa":[1.5018722281098251,0.587821792903797,1.0,1.8142348131273138],"tiqc":[0.5019802300570736,0.5877969873611909,0.0,0.814312639673517],"tiqa":[0.5019871546707757,0.5877459860879338,0.0,0.814322481840918]},"80":{"arrived":800055,"completed":799818,"tisc":[2.9982207925033277,5.303257872625754,1.2817135743462416,3.8869663447314906],"tisa":[2.9980942687566383,5.303371234180016,1.2815091469219624,3.8868611635091384],"tiqc":[1.9982207925034017,5.303257872625708,0.28171357434624156,2.8869663447314906],"tiqa":[1.9983352117205953,5.303350378053963,0.281943685205988,2.8871121573729397]},"90":{"arrived":899862,"completed":899370,"tisc":[5.542333681668964,24.54612060699463,2.0209267082584574,7.364540269894519],"tisa":[5.541848916255498,24.54359166507327,2.020667003896051,7.364043870878049],"tiqc":[4.542333681668737,24.546120606994926,1.0209267082584574,6.364540269894519],"tiqa":[4.542347789932904,24.54316747141106,1.021215241898517,6.36451414927069]},"99":{"arrived":989169,"completed":985056,"tisc":[33.25118165822771,877.6280421116792,10.561387551453208,48.34967358148583],"tisa":[33.25166119358489,877.3633196595287,10.564617810207892,48.34971845775635],"tiqc":[32.25118165822769,877.6280421116788,9.561387551453208,47.34967358148583],"tiqa":[32.25576697694484,877.3673452053124,9.568718157167268,47.353448976108666]}}